{"CLICK_DISTANCE": 32.211861710060454, "VOL_MIN_DIST": 29.175452502050227, "VOL_MAX_DIST": 150, "FIST_THRESHOLD": 0.5, "CUT_THRESHOLD": 0.5}